{
  "layer": 17,
  "mean": 0.8798599243164062,
  "std": 0.0737825557589531,
  "min": 0.21058154106140137,
  "max": 1.0000007152557373,
  "n_sentences": 31623
}