{
  "layer": 17,
  "mean": 0.8791457414627075,
  "std": 0.07257706671953201,
  "min": 0.2743610739707947,
  "max": 1.0000007152557373,
  "n_sentences": 22673
}